<ImportExportXml xmlns:xsi="http://www.w3.org/2001/XMLSchema-instance">
  <Entities></Entities>
  <Roles></Roles>
  <Workflows></Workflows>
  <FieldSecurityProfiles></FieldSecurityProfiles>
  <Templates />
  <EntityMaps />
  <EntityRelationships />
  <OrganizationSettings>
    <customization>
      <isappmode>False</isappmode>
    </customization>
  </OrganizationSettings>
  <optionsets />
  <WebResources>
    <WebResource>
      <WebResourceId>{e11b6d07-ba61-e511-8113-c4346bac7e00}</WebResourceId>
      <Name>new_Configuration</Name>
      <DisplayName>Configuration</DisplayName>
      <WebResourceType>1</WebResourceType>
      <IntroducedVersion>1.0</IntroducedVersion>
      <IsEnabledForMobileClient>0</IsEnabledForMobileClient>
      <IsCustomizable>1</IsCustomizable>
      <CanBeDeleted>1</CanBeDeleted>
      <IsHidden>0</IsHidden>
      <FileName>/WebResources/new_ConfigurationE11B6D07-BA61-E511-8113-C4346BAC7E00</FileName>
    </WebResource>
    <WebResource>
      <WebResourceId>{2abb5380-bd61-e511-8113-c4346bac7e00}</WebResourceId>
      <Name>new_jquery_1.7.1.min</Name>
      <DisplayName>jquery_1.7.1.min</DisplayName>
      <WebResourceType>3</WebResourceType>
      <IntroducedVersion>1.0</IntroducedVersion>
      <IsEnabledForMobileClient>0</IsEnabledForMobileClient>
      <IsCustomizable>1</IsCustomizable>
      <CanBeDeleted>1</CanBeDeleted>
      <IsHidden>0</IsHidden>
      <FileName>/WebResources/new_jquery_171min2ABB5380-BD61-E511-8113-C4346BAC7E00</FileName>
    </WebResource>
    <WebResource>
      <WebResourceId>{2dbb5380-bd61-e511-8113-c4346bac7e00}</WebResourceId>
      <Name>new_jquery_ui_1.8.18.custom</Name>
      <DisplayName>jquery_ui_1.8.18.custom</DisplayName>
      <WebResourceType>2</WebResourceType>
      <IntroducedVersion>1.0</IntroducedVersion>
      <IsEnabledForMobileClient>0</IsEnabledForMobileClient>
      <IsCustomizable>1</IsCustomizable>
      <CanBeDeleted>1</CanBeDeleted>
      <IsHidden>0</IsHidden>
      <FileName>/WebResources/new_jquery_ui_1818custom2DBB5380-BD61-E511-8113-C4346BAC7E00</FileName>
    </WebResource>
    <WebResource>
      <WebResourceId>{30bb5380-bd61-e511-8113-c4346bac7e00}</WebResourceId>
      <Name>new_jquery_ui_1.8.18.custom.min</Name>
      <DisplayName>jquery_ui_1.8.18.custom.min</DisplayName>
      <WebResourceType>3</WebResourceType>
      <IntroducedVersion>1.0</IntroducedVersion>
      <IsEnabledForMobileClient>0</IsEnabledForMobileClient>
      <IsCustomizable>1</IsCustomizable>
      <CanBeDeleted>1</CanBeDeleted>
      <IsHidden>0</IsHidden>
      <FileName>/WebResources/new_jquery_ui_1818custommin30BB5380-BD61-E511-8113-C4346BAC7E00</FileName>
    </WebResource>
    <WebResource>
      <WebResourceId>{33bb5380-bd61-e511-8113-c4346bac7e00}</WebResourceId>
      <Name>new_jquery.tooltip.min</Name>
      <DisplayName>jquery.tooltip.min</DisplayName>
      <WebResourceType>3</WebResourceType>
      <IntroducedVersion>1.0</IntroducedVersion>
      <IsEnabledForMobileClient>0</IsEnabledForMobileClient>
      <IsCustomizable>1</IsCustomizable>
      <CanBeDeleted>1</CanBeDeleted>
      <IsHidden>0</IsHidden>
      <FileName>/WebResources/new_jquerytooltipmin33BB5380-BD61-E511-8113-C4346BAC7E00</FileName>
    </WebResource>
    <WebResource>
      <WebResourceId>{36bb5380-bd61-e511-8113-c4346bac7e00}</WebResourceId>
      <Name>new_jsrender</Name>
      <DisplayName>jsrender</DisplayName>
      <WebResourceType>3</WebResourceType>
      <IntroducedVersion>1.0</IntroducedVersion>
      <IsEnabledForMobileClient>0</IsEnabledForMobileClient>
      <IsCustomizable>1</IsCustomizable>
      <CanBeDeleted>1</CanBeDeleted>
      <IsHidden>0</IsHidden>
      <FileName>/WebResources/new_jsrender36BB5380-BD61-E511-8113-C4346BAC7E00</FileName>
    </WebResource>
    <WebResource>
      <WebResourceId>{bfd98fdb-7d62-e511-8116-c4346bac7e00}</WebResourceId>
      <Name>new_SDK.MetaData.js</Name>
      <DisplayName>SDK.MetaData</DisplayName>
      <WebResourceType>3</WebResourceType>
      <IntroducedVersion>1.0</IntroducedVersion>
      <IsEnabledForMobileClient>0</IsEnabledForMobileClient>
      <IsCustomizable>1</IsCustomizable>
      <CanBeDeleted>1</CanBeDeleted>
      <IsHidden>0</IsHidden>
      <FileName>/WebResources/new_SDKMetaDatajsBFD98FDB-7D62-E511-8116-C4346BAC7E00</FileName>
    </WebResource>
    <WebResource>
      <WebResourceId>{a365fcf9-b062-e511-8116-c4346bac7e00}</WebResourceId>
      <Name>new_jquery_ui_1.8.18.custom.min.js</Name>
      <DisplayName>jquery_ui_1.8.18.custom.min</DisplayName>
      <WebResourceType>3</WebResourceType>
      <IntroducedVersion>1.0</IntroducedVersion>
      <IsEnabledForMobileClient>0</IsEnabledForMobileClient>
      <IsCustomizable>1</IsCustomizable>
      <CanBeDeleted>1</CanBeDeleted>
      <IsHidden>0</IsHidden>
      <FileName>/WebResources/new_jquery_ui_1818customminjsA365FCF9-B062-E511-8116-C4346BAC7E00</FileName>
    </WebResource>
    <WebResource>
      <WebResourceId>{5fbc7b64-e965-e511-8116-c4346bac7e00}</WebResourceId>
      <Name>new_nexmo_logo.png</Name>
      <DisplayName>nexmo_logo</DisplayName>
      <WebResourceType>5</WebResourceType>
      <IntroducedVersion>1.0</IntroducedVersion>
      <IsEnabledForMobileClient>0</IsEnabledForMobileClient>
      <IsCustomizable>1</IsCustomizable>
      <CanBeDeleted>1</CanBeDeleted>
      <IsHidden>0</IsHidden>
      <FileName>/WebResources/new_nexmo_logopng5FBC7B64-E965-E511-8116-C4346BAC7E00</FileName>
    </WebResource>
    <WebResource>
      <WebResourceId>{e89dfe55-c261-e511-810f-c4346bacbe48}</WebResourceId>
      <Name>new_jquery_1.7.1.min.js</Name>
      <DisplayName>jquery_1.7.1.min</DisplayName>
      <WebResourceType>3</WebResourceType>
      <IntroducedVersion>1.0</IntroducedVersion>
      <IsEnabledForMobileClient>0</IsEnabledForMobileClient>
      <IsCustomizable>1</IsCustomizable>
      <CanBeDeleted>1</CanBeDeleted>
      <IsHidden>0</IsHidden>
      <FileName>/WebResources/new_jquery_171minjsE89DFE55-C261-E511-810F-C4346BACBE48</FileName>
    </WebResource>
    <WebResource>
      <WebResourceId>{c9d3cdcd-d761-e511-810f-c4346bacbe48}</WebResourceId>
      <Name>new_json2</Name>
      <DisplayName>json2</DisplayName>
      <WebResourceType>3</WebResourceType>
      <IntroducedVersion>1.0</IntroducedVersion>
      <IsEnabledForMobileClient>0</IsEnabledForMobileClient>
      <IsCustomizable>1</IsCustomizable>
      <CanBeDeleted>1</CanBeDeleted>
      <IsHidden>0</IsHidden>
      <FileName>/WebResources/new_json2C9D3CDCD-D761-E511-810F-C4346BACBE48</FileName>
    </WebResource>
    <WebResource>
      <WebResourceId>{4df0bd5e-8062-e511-8112-c4346bacbe48}</WebResourceId>
      <Name>new_SDK.Soap.js</Name>
      <DisplayName>SDK.Soap</DisplayName>
      <WebResourceType>3</WebResourceType>
      <IntroducedVersion>1.0</IntroducedVersion>
      <IsEnabledForMobileClient>0</IsEnabledForMobileClient>
      <IsCustomizable>1</IsCustomizable>
      <CanBeDeleted>1</CanBeDeleted>
      <IsHidden>0</IsHidden>
      <FileName>/WebResources/new_SDKSoapjs4DF0BD5E-8062-E511-8112-C4346BACBE48</FileName>
    </WebResource>
    <WebResource>
      <WebResourceId>{f2df671d-e565-e511-8112-c4346bacbe48}</WebResourceId>
      <Name>new_nexmo_logo</Name>
      <DisplayName>nexmo_logo</DisplayName>
      <WebResourceType>5</WebResourceType>
      <IntroducedVersion>1.0</IntroducedVersion>
      <IsEnabledForMobileClient>0</IsEnabledForMobileClient>
      <IsCustomizable>1</IsCustomizable>
      <CanBeDeleted>1</CanBeDeleted>
      <IsHidden>0</IsHidden>
      <FileName>/WebResources/new_nexmo_logoF2DF671D-E565-E511-8112-C4346BACBE48</FileName>
    </WebResource>
    <WebResource>
      <WebResourceId>{0b068db1-9e62-e511-8115-c4346bada5bc}</WebResourceId>
      <Name>new_Configuration.css</Name>
      <DisplayName>Configuration</DisplayName>
      <WebResourceType>2</WebResourceType>
      <IntroducedVersion>1.0</IntroducedVersion>
      <IsEnabledForMobileClient>0</IsEnabledForMobileClient>
      <IsCustomizable>1</IsCustomizable>
      <CanBeDeleted>1</CanBeDeleted>
      <IsHidden>0</IsHidden>
      <FileName>/WebResources/new_Configurationcss0B068DB1-9E62-E511-8115-C4346BADA5BC</FileName>
    </WebResource>
    <WebResource>
      <WebResourceId>{80a54e88-ac62-e511-8115-c4346bada5bc}</WebResourceId>
      <Name>new_jquery_ui_1.8.18.custom.css</Name>
      <DisplayName>jquery_ui_1.8.18.custom</DisplayName>
      <WebResourceType>2</WebResourceType>
      <IntroducedVersion>1.0</IntroducedVersion>
      <IsEnabledForMobileClient>0</IsEnabledForMobileClient>
      <IsCustomizable>1</IsCustomizable>
      <CanBeDeleted>1</CanBeDeleted>
      <IsHidden>0</IsHidden>
      <FileName>/WebResources/new_jquery_ui_1818customcss80A54E88-AC62-E511-8115-C4346BADA5BC</FileName>
    </WebResource>
    <WebResource>
      <WebResourceId>{533f1edb-7466-e511-8115-c4346bada5bc}</WebResourceId>
      <Name>new_jquery.validate.js</Name>
      <DisplayName>jquery.validate</DisplayName>
      <WebResourceType>3</WebResourceType>
      <IntroducedVersion>1.0</IntroducedVersion>
      <IsEnabledForMobileClient>0</IsEnabledForMobileClient>
      <IsCustomizable>1</IsCustomizable>
      <CanBeDeleted>1</CanBeDeleted>
      <IsHidden>0</IsHidden>
      <FileName>/WebResources/new_jqueryvalidatejs533F1EDB-7466-E511-8115-C4346BADA5BC</FileName>
    </WebResource>
    <WebResource>
      <WebResourceId>{563f1edb-7466-e511-8115-c4346bada5bc}</WebResourceId>
      <Name>new_jquery.validate.min.js</Name>
      <DisplayName>jquery.validate.min</DisplayName>
      <WebResourceType>3</WebResourceType>
      <IntroducedVersion>1.0</IntroducedVersion>
      <IsEnabledForMobileClient>0</IsEnabledForMobileClient>
      <IsCustomizable>1</IsCustomizable>
      <CanBeDeleted>1</CanBeDeleted>
      <IsHidden>0</IsHidden>
      <FileName>/WebResources/new_jqueryvalidateminjs563F1EDB-7466-E511-8115-C4346BADA5BC</FileName>
    </WebResource>
    <WebResource>
      <WebResourceId>{c31892d7-8c66-e511-8115-c4346bada5bc}</WebResourceId>
      <Name>new_additional_methods.min.js</Name>
      <DisplayName>additional_methods.min</DisplayName>
      <WebResourceType>3</WebResourceType>
      <IntroducedVersion>1.0</IntroducedVersion>
      <IsEnabledForMobileClient>0</IsEnabledForMobileClient>
      <IsCustomizable>1</IsCustomizable>
      <CanBeDeleted>1</CanBeDeleted>
      <IsHidden>0</IsHidden>
      <FileName>/WebResources/new_additional_methodsminjsC31892D7-8C66-E511-8115-C4346BADA5BC</FileName>
    </WebResource>
    <WebResource>
      <WebResourceId>{759a4698-c361-e511-8114-c4346badb528}</WebResourceId>
      <Name>new_Configuration.js</Name>
      <DisplayName>Configuration</DisplayName>
      <WebResourceType>3</WebResourceType>
      <IntroducedVersion>1.0</IntroducedVersion>
      <IsEnabledForMobileClient>0</IsEnabledForMobileClient>
      <IsCustomizable>1</IsCustomizable>
      <CanBeDeleted>1</CanBeDeleted>
      <IsHidden>0</IsHidden>
      <FileName>/WebResources/new_Configurationjs759A4698-C361-E511-8114-C4346BADB528</FileName>
    </WebResource>
  </WebResources>
  <SolutionPluginAssemblies>
    <PluginAssembly FullName="CRMNexmo.Plugins, Version=1.0.0.0, Culture=neutral, PublicKeyToken=c07a1ae346247d4f" CustomizationLevel="1">
      <IsolationMode>2</IsolationMode>
      <SourceType>0</SourceType>
      <IntroducedVersion>1.0.0.0</IntroducedVersion>
      <FileName>/PluginAssemblies/CRMNexmoPlugins-F6943F35-425C-E511-8112-C4346BADA5BC/CRMNexmoPlugins.dll</FileName>
      <PluginTypes>
        <PluginType AssemblyQualifiedName="CRMNexmo.Plugins.PostOpportunityCreate, CRMNexmo.Plugins, Version=1.0.0.0, Culture=neutral, PublicKeyToken=c07a1ae346247d4f" Name="CRMNexmo.Plugins.PostOpportunityCreate">
          <Description>Plug-in to PostOpportunityCreate</Description>
          <FriendlyName>PostOpportunityCreate</FriendlyName>
        </PluginType>
        <PluginType AssemblyQualifiedName="CRMNexmo.Plugins.PostOpportunityUpdate, CRMNexmo.Plugins, Version=1.0.0.0, Culture=neutral, PublicKeyToken=c07a1ae346247d4f" Name="CRMNexmo.Plugins.PostOpportunityUpdate">
          <Description>Plug-in to PostOpportunityUpdate</Description>
          <FriendlyName>PostOpportunityUpdate</FriendlyName>
        </PluginType>
      </PluginTypes>
    </PluginAssembly>
  </SolutionPluginAssemblies>
  <SdkMessageProcessingSteps>
    <SdkMessageProcessingStep Name="PostOpportunityCreate" SdkMessageProcessingStepId="{369262e1-f660-e511-8112-c4346bada5bc}">
      <PluginTypeName>CRMNexmo.Plugins.PostOpportunityCreate, CRMNexmo.Plugins, Version=1.0.0.0, Culture=neutral, PublicKeyToken=c07a1ae346247d4f</PluginTypeName>
      <PrimaryEntity>opportunity</PrimaryEntity>
      <AsyncAutoDelete>0</AsyncAutoDelete>
      <Configuration>&lt;settings APIKey='' APISecret='' FromUser=''  Threshold='' EnableNexmoSMS='false'  /&gt;</Configuration>
      <Description>Post-Operation of Opportunity Create</Description>
      <InvocationSource>1</InvocationSource>
      <Mode>1</Mode>
      <Rank>1</Rank>
      <SdkMessageId>{9ebdbb1b-ea3e-db11-86a7-000a3a5473e8}</SdkMessageId>
      <EventHandlerTypeCode>4602</EventHandlerTypeCode>
      <Stage>40</Stage>
      <IsCustomizable>1</IsCustomizable>
      <IsHidden>0</IsHidden>
      <SupportedDeployment>0</SupportedDeployment>
      <IntroducedVersion>1.0.0.0</IntroducedVersion>
      <SdkMessageProcessingStepImages>
        <SdkMessageProcessingStepImage Name="">
          <SdkMessageProcessingStepImageId>{399262e1-f660-e511-8112-c4346bada5bc}</SdkMessageProcessingStepImageId>
          <EntityAlias>PostImage</EntityAlias>
          <ImageType>1</ImageType>
          <MessagePropertyName>id</MessagePropertyName>
          <IsCustomizable>1</IsCustomizable>
        </SdkMessageProcessingStepImage>
      </SdkMessageProcessingStepImages>
    </SdkMessageProcessingStep>
    <SdkMessageProcessingStep Name="PostOpportunityUpdate" SdkMessageProcessingStepId="{019033da-e87b-e511-8114-c4346bacbe48}">
      <PluginTypeName>CRMNexmo.Plugins.PostOpportunityUpdate, CRMNexmo.Plugins, Version=1.0.0.0, Culture=neutral, PublicKeyToken=c07a1ae346247d4f</PluginTypeName>
      <PrimaryEntity>opportunity</PrimaryEntity>
      <AsyncAutoDelete>0</AsyncAutoDelete>
      <Configuration>&lt;settings APIKey='' APISecret='' FromUser=''  Threshold='' EnableNexmoSMS='false'  /&gt;</Configuration>
      <Description>Post-Operation of Opportunity Update</Description>
      <InvocationSource>1</InvocationSource>
      <Mode>1</Mode>
      <Rank>1</Rank>
      <SdkMessageId>{20bebb1b-ea3e-db11-86a7-000a3a5473e8}</SdkMessageId>
      <EventHandlerTypeCode>4602</EventHandlerTypeCode>
      <Stage>40</Stage>
      <IsCustomizable>1</IsCustomizable>
      <IsHidden>0</IsHidden>
      <SupportedDeployment>0</SupportedDeployment>
      <IntroducedVersion>1.0.0.0</IntroducedVersion>
      <SdkMessageProcessingStepImages>
        <SdkMessageProcessingStepImage Name="">
          <SdkMessageProcessingStepImageId>{079033da-e87b-e511-8114-c4346bacbe48}</SdkMessageProcessingStepImageId>
          <EntityAlias>PostImage</EntityAlias>
          <ImageType>1</ImageType>
          <MessagePropertyName>Target</MessagePropertyName>
          <IsCustomizable>1</IsCustomizable>
        </SdkMessageProcessingStepImage>
        <SdkMessageProcessingStepImage Name="">
          <SdkMessageProcessingStepImageId>{069033da-e87b-e511-8114-c4346bacbe48}</SdkMessageProcessingStepImageId>
          <EntityAlias>PreImage</EntityAlias>
          <ImageType>0</ImageType>
          <MessagePropertyName>Target</MessagePropertyName>
          <IsCustomizable>1</IsCustomizable>
        </SdkMessageProcessingStepImage>
      </SdkMessageProcessingStepImages>
    </SdkMessageProcessingStep>
  </SdkMessageProcessingSteps>
  <Languages>
    <Language>1033</Language>
  </Languages>
</ImportExportXml>