<ImportExportXml version="7.1.0001.3157" SolutionPackageVersion="7.1" languagecode="1033" generatedBy="CrmLive" xmlns:xsi="http://www.w3.org/2001/XMLSchema-instance">
  <SolutionManifest>
    <UniqueName>NexmoSMSPackage</UniqueName>
    <LocalizedNames>
      <LocalizedName description="NexmoSMSPackage" languagecode="1033" />
    </LocalizedNames>
    <Descriptions />
    <Version>1.0.0.0</Version>
    <Managed>1</Managed>
    <ConfigurationPage>new_Configuration</ConfigurationPage>
    <Publisher>
      <UniqueName>Nexmo</UniqueName>
      <LocalizedNames>
        <LocalizedName description="Nexmo" languagecode="1033" />
      </LocalizedNames>
      <Descriptions />
      <EMailAddress xsi:nil="true"></EMailAddress>
      <SupportingWebsiteUrl xsi:nil="true"></SupportingWebsiteUrl>
      <CustomizationPrefix>new</CustomizationPrefix>
      <CustomizationOptionValuePrefix>10000</CustomizationOptionValuePrefix>
      <Addresses>
        <Address>
          <AddressNumber>1</AddressNumber>
          <AddressTypeCode>1</AddressTypeCode>
          <City xsi:nil="true"></City>
          <County xsi:nil="true"></County>
          <Country xsi:nil="true"></Country>
          <Fax xsi:nil="true"></Fax>
          <FreightTermsCode xsi:nil="true"></FreightTermsCode>
          <ImportSequenceNumber xsi:nil="true"></ImportSequenceNumber>
          <Latitude xsi:nil="true"></Latitude>
          <Line1 xsi:nil="true"></Line1>
          <Line2 xsi:nil="true"></Line2>
          <Line3 xsi:nil="true"></Line3>
          <Longitude xsi:nil="true"></Longitude>
          <Name xsi:nil="true"></Name>
          <PostalCode xsi:nil="true"></PostalCode>
          <PostOfficeBox xsi:nil="true"></PostOfficeBox>
          <PrimaryContactName xsi:nil="true"></PrimaryContactName>
          <ShippingMethodCode>1</ShippingMethodCode>
          <StateOrProvince xsi:nil="true"></StateOrProvince>
          <Telephone1 xsi:nil="true"></Telephone1>
          <Telephone2 xsi:nil="true"></Telephone2>
          <Telephone3 xsi:nil="true"></Telephone3>
          <TimeZoneRuleVersionNumber xsi:nil="true"></TimeZoneRuleVersionNumber>
          <UPSZone xsi:nil="true"></UPSZone>
          <UTCOffset xsi:nil="true"></UTCOffset>
          <UTCConversionTimeZoneCode xsi:nil="true"></UTCConversionTimeZoneCode>
        </Address>
        <Address>
          <AddressNumber>2</AddressNumber>
          <AddressTypeCode>1</AddressTypeCode>
          <City xsi:nil="true"></City>
          <County xsi:nil="true"></County>
          <Country xsi:nil="true"></Country>
          <Fax xsi:nil="true"></Fax>
          <FreightTermsCode xsi:nil="true"></FreightTermsCode>
          <ImportSequenceNumber xsi:nil="true"></ImportSequenceNumber>
          <Latitude xsi:nil="true"></Latitude>
          <Line1 xsi:nil="true"></Line1>
          <Line2 xsi:nil="true"></Line2>
          <Line3 xsi:nil="true"></Line3>
          <Longitude xsi:nil="true"></Longitude>
          <Name xsi:nil="true"></Name>
          <PostalCode xsi:nil="true"></PostalCode>
          <PostOfficeBox xsi:nil="true"></PostOfficeBox>
          <PrimaryContactName xsi:nil="true"></PrimaryContactName>
          <ShippingMethodCode>1</ShippingMethodCode>
          <StateOrProvince xsi:nil="true"></StateOrProvince>
          <Telephone1 xsi:nil="true"></Telephone1>
          <Telephone2 xsi:nil="true"></Telephone2>
          <Telephone3 xsi:nil="true"></Telephone3>
          <TimeZoneRuleVersionNumber xsi:nil="true"></TimeZoneRuleVersionNumber>
          <UPSZone xsi:nil="true"></UPSZone>
          <UTCOffset xsi:nil="true"></UTCOffset>
          <UTCConversionTimeZoneCode xsi:nil="true"></UTCConversionTimeZoneCode>
        </Address>
      </Addresses>
    </Publisher>
    <RootComponents>
      <RootComponent type="61" schemaName="new_additional_methods.min.js" />
      <RootComponent type="61" schemaName="new_Configuration" />
      <RootComponent type="61" schemaName="new_Configuration.css" />
      <RootComponent type="61" schemaName="new_Configuration.js" />
      <RootComponent type="61" schemaName="new_jquery.tooltip.min" />
      <RootComponent type="61" schemaName="new_jquery.validate.js" />
      <RootComponent type="61" schemaName="new_jquery.validate.min.js" />
      <RootComponent type="61" schemaName="new_jquery_1.7.1.min" />
      <RootComponent type="61" schemaName="new_jquery_1.7.1.min.js" />
      <RootComponent type="61" schemaName="new_jquery_ui_1.8.18.custom" />
      <RootComponent type="61" schemaName="new_jquery_ui_1.8.18.custom.css" />
      <RootComponent type="61" schemaName="new_jquery_ui_1.8.18.custom.min" />
      <RootComponent type="61" schemaName="new_jquery_ui_1.8.18.custom.min.js" />
      <RootComponent type="61" schemaName="new_json2" />
      <RootComponent type="61" schemaName="new_jsrender" />
      <RootComponent type="61" schemaName="new_nexmo_logo" />
      <RootComponent type="61" schemaName="new_nexmo_logo.png" />
      <RootComponent type="61" schemaName="new_SDK.MetaData.js" />
      <RootComponent type="61" schemaName="new_SDK.Soap.js" />
      <RootComponent type="91" schemaName="CRMNexmo.Plugins, Version=1.0.0.0, Culture=neutral, PublicKeyToken=c07a1ae346247d4f" />
      <RootComponent type="92" id="{019033da-e87b-e511-8114-c4346bacbe48}" />
      <RootComponent type="92" id="{369262e1-f660-e511-8112-c4346bada5bc}" />
    </RootComponents>
    <MissingDependencies />
  </SolutionManifest>
</ImportExportXml>